Date,BE,TWLO,ZM,SLP,DKNG,SPY,weekday,BE_Weight,TWLO_Weight,ZM_Weight,SLP_Weight,DKNG_Weight,BE_Holding,TWLO_Holding,ZM_Holding,SLP_Holding,DKNG_Holding,Portfolio,SPY_Bench
2019-07-25,10.630000114440918,147.75999450683594,97.11000061035156,38.72654724121094,9.800000190734863,292.9557800292969,3,0.2,0.2,0.2,0.2,0.2,188.0,14.0,21.0,52.0,204.0,10000.0,9960.496520996094
2019-07-26,10.649999618530273,149.9499969482422,102.19999694824219,38.09086608886719,9.800000190734863,294.9185485839844,4,0.2,0.2,0.2,0.2,0.2,188.0,14.0,21.0,52.0,204.0,10227.624897003174,10027.230651855469
2019-07-29,10.319999694824219,141.5,96.47000122070312,39.66019821166992,9.800000190734863,294.3814697265625,0,0.2,0.2,0.2,0.2,0.2,188.0,14.0,21.0,52.0,204.0,10008.560314178467,10008.969970703125
2019-07-30,10.15999984741211,140.0,95.48999786376953,39.143707275390625,9.800000190734863,293.65887451171875,1,0.2,0.2,0.2,0.2,0.2,195.0,14.0,21.0,51.0,202.0,9910.042743682861,9984.401733398438
2019-07-31,10.449999809265137,139.11000061035156,95.51000213623047,38.55769348144531,9.800000190734863,290.4461364746094,2,0.2,0.2,0.2,0.2,0.2,195.0,14.0,21.0,51.0,202.0,9937.042422294617,9875.168640136719
2019-08-01,10.210000038146973,137.8300018310547,95.0999984741211,41.467899322509766,9.800000190734863,287.91693115234375,3,0.2,0.2,0.2,0.2,0.2,195.0,14.0,21.0,51.0,202.0,10012.132905006409,9789.175659179688
2019-08-02,10.239999771118164,133.6999969482422,93.66000366210938,36.541412353515625,9.800000190734863,285.74908447265625,4,0.2,0.2,0.2,0.2,0.2,195.0,14.0,21.0,51.0,202.0,9678.672058105469,9715.468872070312
2019-08-05,9.619999885559082,124.5199966430664,89.69000244140625,35.32965087890625,9.800000190734863,277.15570068359375,0,0.2,0.2,0.2,0.2,0.2,195.0,14.0,21.0,51.0,202.0,9284.082215309143,9423.293823242188
2019-08-06,9.220000267028809,125.56999969482422,90.43000030517578,37.25654602050781,9.800000190734863,281.042236328125,1,0.2,0.2,0.2,0.2,0.2,202.0,15.0,21.0,50.0,191.0,9334.593939781189,9555.43603515625
2019-08-07,9.140000343322754,123.9000015258789,92.44999694824219,37.55451965332031,9.760000228881836,281.208251953125,2,0.2,0.2,0.2,0.2,0.2,202.0,15.0,21.0,50.0,191.0,9388.116054534912,9561.08056640625
2019-08-08,8.920000076293945,131.67999267578125,95.7699966430664,39.47148132324219,9.760000228881836,286.7255859375,3,0.2,0.2,0.2,0.2,0.2,202.0,15.0,21.0,50.0,191.0,9625.94394493103,9748.669921875
2019-08-09,8.5600004196167,133.72000122070312,94.19999694824219,37.78296661376953,9.760000228881836,284.77252197265625,4,0.2,0.2,0.2,0.2,0.2,202.0,15.0,21.0,50.0,191.0,9466.428413391113,9682.265747070312
2019-08-12,8.0,131.49000549316406,92.16000366210938,37.40553283691406,9.760000228881836,281.3059387207031,0,0.2,0.2,0.2,0.2,0.2,202.0,15.0,21.0,50.0,191.0,9258.146844863892,9564.401916503906
2019-08-13,4.599999904632568,132.0500030517578,95.44999694824219,37.94188690185547,9.779999732971191,285.6806945800781,1,0.2,0.2,0.2,0.2,0.2,377.0,13.0,18.0,46.0,177.0,8679.474256515503,9713.143615722656
2019-08-14,4.909999847412109,124.75,92.6500015258789,36.80958938598633,9.779999732971191,277.2337951660156,2,0.2,0.2,0.2,0.2,0.2,377.0,13.0,18.0,46.0,177.0,8564.821034431458,9425.949035644531
2019-08-15,4.949999809265137,123.16999816894531,90.63999938964844,36.41229248046875,9.779999732971191,277.9661865234375,3,0.2,0.2,0.2,0.2,0.2,377.0,13.0,18.0,46.0,177.0,8504.90530014038,9450.850341796875
2019-08-16,5.119999885559082,124.76000213623047,92.52999877929688,37.2366828918457,9.779999732971191,282.0675964355469,4,0.2,0.2,0.2,0.2,0.2,377.0,13.0,18.0,46.0,177.0,8661.607328414917,9590.298278808594
2019-08-19,5.400000095367432,125.61000061035156,93.16999816894531,37.09762954711914,9.779999732971191,285.4658508300781,0,0.2,0.2,0.2,0.2,0.2,377.0,13.0,18.0,46.0,177.0,8783.340922832489,9705.838928222656
2019-08-20,5.489999771118164,126.86000061035156,91.41000366210938,36.76985549926758,9.850000381469727,283.2784729003906,1,0.2,0.2,0.2,0.2,0.2,321.0,14.0,19.0,48.0,179.0,8799.153408050537,9631.468078613281
2019-08-21,5.300000190734863,131.05999755859375,93.01000213623047,37.39560317993164,9.850000381469727,285.5830383300781,2,0.2,0.2,0.2,0.2,0.2,321.0,14.0,19.0,48.0,179.0,8861.469088554382,9709.823303222656
2019-08-22,4.96999979019165,130.5,93.87999725341797,36.898983001708984,9.850000381469727,285.4951477050781,3,0.2,0.2,0.2,0.2,0.2,321.0,14.0,19.0,48.0,179.0,8740.391132831573,9706.835021972656
2019-08-23,4.650000095367432,127.95999908447266,91.62999725341797,35.60776138305664,9.850000381469727,278.1614990234375,4,0.2,0.2,0.2,0.2,0.2,321.0,14.0,19.0,48.0,179.0,8497.382580280304,9457.490966796875
2019-08-26,4.670000076293945,129.97999572753906,91.76000213623047,36.392425537109375,9.850000381469727,281.237548828125,0,0.2,0.2,0.2,0.2,0.2,321.0,14.0,19.0,48.0,179.0,8572.216499328613,9562.07666015625
2019-08-27,4.400000095367432,131.47999572753906,91.7300033569336,35.756752014160156,9.850000381469727,280.13409423828125,1,0.0,0.0,0.0,0.0,1.0,0.0,0.0,0.0,0.0,860.0,8475.464199543,9524.559204101562
2019-08-28,4.269999980926514,130.91000366210938,90.16000366210938,35.945465087890625,9.850000381469727,282.1066589355469,2,0.0,0.0,0.0,0.0,1.0,0.0,0.0,0.0,0.0,860.0,8471.000328063965,9591.626403808594
2019-08-29,4.179999828338623,132.0500030517578,90.87000274658203,36.08452224731445,9.850000381469727,285.7099914550781,3,0.0,0.0,0.0,0.0,1.0,0.0,0.0,0.0,0.0,860.0,8471.000328063965,9714.139709472656
2019-08-30,4.480000019073486,130.47000122070312,91.66999816894531,35.86600875854492,9.850000381469727,285.5830383300781,4,0.0,0.0,0.0,0.0,1.0,0.0,0.0,0.0,0.0,860.0,8471.000328063965,9709.823303222656
2019-09-03,4.449999809265137,129.6999969482422,92.45999908447266,35.031681060791016,9.850000381469727,283.9131774902344,1,0.0,0.03,0.04,0.0,0.94,0.0,2.0,4.0,0.0,805.0,8471.000328063965,9653.048034667969
2019-09-04,4.489999771118164,132.32000732421875,93.52999877929688,35.52830123901367,9.850000381469727,287.1357421875,2,0.0,0.03,0.04,0.0,0.94,0.0,2.0,4.0,0.0,805.0,8568.010316848755,9762.615234375
2019-09-05,4.630000114440918,129.72999572753906,92.69000244140625,35.97526168823242,9.850000381469727,290.8269348144531,3,0.0,0.03,0.04,0.0,0.94,0.0,2.0,4.0,0.0,805.0,8559.470308303833,9888.115783691406
2019-09-06,4.78000020980835,123.69999694824219,85.41000366210938,34.574790954589844,9.850000381469727,291.05157470703125,4,0.0,0.03,0.04,0.0,0.94,0.0,2.0,4.0,0.0,805.0,8518.290315628052,9895.753540039062
2019-09-09,4.670000076293945,111.87999725341797,78.6500015258789,32.07182312011719,9.850000381469727,291.19805908203125,0,0.0,0.03,0.04,0.0,0.94,0.0,2.0,4.0,0.0,805.0,8467.610307693481,9900.734008789062
2019-09-10,4.559999942779541,110.01000213623047,80.3499984741211,33.19417953491211,9.850000381469727,291.1296691894531,1,0.0,0.0,0.0,0.0,1.0,0.0,0.0,0.0,0.0,860.0,8470.670305252075,9898.408752441406
2019-09-11,4.889999866485596,109.72000122070312,80.70999908447266,33.61134719848633,9.850000381469727,293.19989013671875,2,0.0,0.0,0.0,0.0,1.0,0.0,0.0,0.0,0.0,860.0,8471.000328063965,9968.796264648438
2019-09-12,4.619999885559082,113.0999984741211,81.52999877929688,34.405941009521484,9.850000381469727,294.21551513671875,3,0.0,0.0,0.0,0.0,1.0,0.0,0.0,0.0,0.0,860.0,8471.000328063965,10003.327514648438
2019-09-13,4.440000057220459,109.58999633789062,78.8499984741211,34.29668426513672,9.850000381469727,294.02020263671875,4,0.0,0.0,0.0,0.0,1.0,0.0,0.0,0.0,0.0,860.0,8471.000328063965,9996.686889648438
2019-09-16,4.190000057220459,110.6500015258789,80.66999816894531,34.82310104370117,9.850000381469727,293.11199951171875,0,0.0,0.0,0.0,0.0,1.0,0.0,0.0,0.0,0.0,860.0,8471.000328063965,9965.807983398438
2019-09-17,3.309999942779541,112.31999969482422,84.63999938964844,36.034854888916016,9.850000381469727,293.85418701171875,1,0.0,0.0,0.0,0.0,1.0,0.0,0.0,0.0,0.0,860.0,8471.000328063965,9991.042358398438
2019-09-18,3.3399999141693115,112.55000305175781,84.55000305175781,35.28992462158203,9.899999618530273,294.0299377441406,2,0.0,0.0,0.0,0.0,1.0,0.0,0.0,0.0,0.0,860.0,8513.999671936035,9997.017883300781
2019-09-19,3.549999952316284,115.11000061035156,84.62000274658203,36.5314826965332,9.899999618530273,294.0104064941406,3,0.0,0.0,0.0,0.0,1.0,0.0,0.0,0.0,0.0,860.0,8513.999671936035,9996.353820800781
2019-09-20,3.319999933242798,114.22000122070312,82.62999725341797,36.94864273071289,9.850000381469727,292.62127685546875,4,0.0,0.0,0.0,0.0,1.0,0.0,0.0,0.0,0.0,860.0,8471.000328063965,9949.123413085938
2019-09-23,3.430000066757202,112.93000030517578,82.62000274658203,37.06782913208008,9.850000381469727,292.5525817871094,0,0.0,0.0,0.0,0.0,1.0,0.0,0.0,0.0,0.0,860.0,8471.000328063965,9946.787780761719
2019-09-24,3.240000009536743,109.11000061035156,80.0199966430664,35.43891143798828,9.850000381469727,290.25701904296875,1,0.0,0.0,0.0,0.72,0.28,0.0,0.0,0.0,172.0,242.0,8471.000328063965,9868.738647460938
2019-09-25,3.4700000286102295,110.43000030517578,79.5999984741211,34.455604553222656,9.850000381469727,291.97381591796875,2,0.0,0.0,0.0,0.72,0.28,0.0,0.0,0.0,172.0,242.0,8310.06407546997,9927.109741210938
2019-09-26,3.490000009536743,110.9000015258789,79.75,34.08810043334961,9.850000381469727,291.3655700683594,3,0.0,0.0,0.0,0.72,0.28,0.0,0.0,0.0,172.0,242.0,8246.853366851807,9906.429382324219
2019-09-27,3.4600000381469727,106.55999755859375,76.04000091552734,33.790130615234375,9.850000381469727,289.7959289550781,4,0.0,0.0,0.0,0.72,0.28,0.0,0.0,0.0,172.0,242.0,8195.602558135986,9853.061584472656
2019-09-30,3.25,109.95999908447266,76.19999694824219,34.46553421020508,9.850000381469727,291.1399230957031,0,0.0,0.0,0.0,0.72,0.28,0.0,0.0,0.0,172.0,242.0,8311.771976470947,9898.757385253906
2019-10-01,3.1600000858306885,109.7300033569336,75.80999755859375,34.3662109375,9.920000076293945,287.6768798828125,1,0.0,0.0,0.0,0.71,0.29,0.0,0.0,0.0,172.0,243.0,8311.628299713135,9781.013916015625
2019-10-02,3.0999999046325684,106.61000061035156,73.8499984741211,34.41587448120117,9.920000076293945,282.5951843261719,2,0.0,0.0,0.0,0.71,0.29,0.0,0.0,0.0,172.0,243.0,8330.09042930603,9608.236267089844
2019-10-03,3.190000057220459,110.5,76.83000183105469,35.389251708984375,9.890000343322754,284.910400390625,3,0.0,0.0,0.0,0.71,0.29,0.0,0.0,0.0,172.0,243.0,8490.221377372742,9686.95361328125
2019-10-04,3.2100000381469727,112.08000183105469,76.52999877929688,34.684043884277344,9.920000076293945,288.7658386230469,4,0.0,0.0,0.0,0.71,0.29,0.0,0.0,0.0,172.0,243.0,8376.215566635132,9818.038513183594
2019-10-07,3.240000009536743,112.91000366210938,76.98999786376953,33.50209045410156,9.920000076293945,287.5198974609375,0,0.0,0.0,0.0,0.71,0.29,0.0,0.0,0.0,172.0,243.0,8172.9195766448975,9775.676513671875
2019-10-08,3.0799999237060547,108.4000015258789,73.58999633789062,33.24384307861328,9.920000076293945,283.0562438964844,1,0.0,0.03,0.0,0.03,0.94,0.0,2.0,0.0,8.0,770.0,8128.501028060913,9623.912292480469
2019-10-09,3.069999933242798,111.02999877929688,72.86000061035156,33.253780364990234,9.920000076293945,285.7442626953125,2,0.0,0.03,0.0,0.03,0.94,0.0,2.0,0.0,8.0,770.0,8126.4902992248535,9715.304931640625
2019-10-10,3.369999885559082,110.29000091552734,71.01000213623047,32.429386138916016,9.920000076293945,287.6768798828125,3,0.0,0.03,0.0,0.03,0.94,0.0,2.0,0.0,8.0,770.0,8118.415149688721,9781.013916015625
2019-10-11,3.1700000762939453,114.33999633789062,71.3499984741211,33.65107727050781,9.920000076293945,290.6591796875,4,0.0,0.03,0.0,0.03,0.94,0.0,2.0,0.0,8.0,770.0,8136.288669586182,9882.412109375
2019-10-14,2.9100000858306885,116.58999633789062,70.80000305175781,33.88945388793945,9.920000076293945,290.3354797363281,0,0.0,0.03,0.0,0.03,0.94,0.0,2.0,0.0,8.0,770.0,8142.695682525635,9871.406311035156
2019-10-15,2.9700000286102295,115.20999908447266,71.11000061035156,34.44567108154297,9.949999809265137,293.20989990234375,1,0.0,0.06,0.0,0.0,0.94,0.0,4.0,0.0,0.0,775.0,8167.485219955444,9969.136596679688
2019-10-16,2.950000047683716,109.80000305175781,67.69000244140625,33.67094421386719,9.925999641418457,292.7389831542969,2,0.0,0.06,0.0,0.0,0.94,0.0,4.0,0.0,0.0,775.0,8131.849734306335,9953.125427246094
2019-10-17,2.869999885559082,110.05000305175781,67.02999877929688,34.862831115722656,9.949999809265137,293.602294921875,3,0.0,0.06,0.0,0.0,0.94,0.0,4.0,0.0,0.0,775.0,8151.449864387512,9982.47802734375
2019-10-18,2.9000000953674316,106.3499984741211,66.08000183105469,34.346343994140625,9.949999809265137,292.317138671875,4,0.0,0.06,0.0,0.0,0.94,0.0,4.0,0.0,0.0,775.0,8136.649846076965,9938.78271484375
2019-10-21,2.940000057220459,105.54000091552734,65.7699966430664,34.64432144165039,9.923999786376953,294.2987976074219,0,0.0,0.06,0.0,0.0,0.94,0.0,4.0,0.0,0.0,775.0,8113.259838104248,10006.159118652344
2019-10-22,2.7300000190734863,100.6500015258789,62.0,33.641143798828125,9.869999885559082,293.33740234375,1,0.0,0.0,0.0,0.0,1.0,0.0,0.0,0.0,0.0,816.0,8051.849917411804,9973.4716796875
2019-10-23,2.7300000190734863,100.5,62.060001373291016,33.07499313354492,9.869999885559082,294.19091796875,2,0.0,0.0,0.0,0.0,1.0,0.0,0.0,0.0,0.0,816.0,8053.919906616211,10002.4912109375
2019-10-24,2.6700000762939453,105.62999725341797,64.5199966430664,33.373504638671875,9.869999885559082,294.671630859375,3,0.0,0.0,0.0,0.0,1.0,0.0,0.0,0.0,0.0,816.0,8053.919906616211,10018.83544921875
2019-10-25,2.7200000286102295,106.9800033569336,63.45000076293945,33.21430206298828,9.850000381469727,295.8782958984375,4,0.0,0.0,0.0,0.0,1.0,0.0,0.0,0.0,0.0,816.0,8037.600311279297,10059.862060546875
2019-10-28,2.8299999237060547,106.4000015258789,66.55999755859375,33.393409729003906,9.850000381469727,297.5460205078125,0,0.0,0.0,0.0,0.0,1.0,0.0,0.0,0.0,0.0,816.0,8037.600311279297,10116.564697265625
2019-10-29,2.700000047683716,105.0999984741211,65.48999786376953,34.01033020019531,9.930000305175781,297.4577331542969,1,0.0,1.0,0.0,0.0,0.0,0.0,77.0,0.0,0.0,0.0,8102.8802490234375,10113.562927246094
2019-10-30,2.9600000381469727,107.69999694824219,70.0,34.60734558105469,9.880999565124512,298.3701171875,2,0.0,1.0,0.0,0.0,0.0,0.0,77.0,0.0,0.0,0.0,8292.899765014648,10144.583984375
2019-10-31,3.059999942779541,96.55999755859375,69.88999938964844,35.234222412109375,10.079999923706055,297.575439453125,3,0.0,1.0,0.0,0.0,0.0,0.0,77.0,0.0,0.0,0.0,7435.119812011719,10117.56494140625
2019-11-01,3.3399999141693115,97.05999755859375,70.38999938964844,35.31382751464844,10.079999923706055,300.3321838378906,4,0.0,1.0,0.0,0.0,0.0,0.0,77.0,0.0,0.0,0.0,7473.619812011719,10211.294250488281
2019-11-04,3.740000009536743,92.01000213623047,70.12000274658203,34.46804428100586,10.09000015258789,301.538818359375,0,0.0,1.0,0.0,0.0,0.0,0.0,77.0,0.0,0.0,0.0,7084.770164489746,10252.31982421875
2019-11-05,3.7100000381469727,91.33000183105469,66.88999938964844,33.6322135925293,10.09000015258789,301.20526123046875,1,0.11,0.0,0.0,0.17,0.72,213.0,0.0,0.0,35.0,504.0,7032.410140991211,10240.978881835938
2019-11-06,3.690000057220459,92.2699966430664,66.83000183105469,32.816280364990234,10.050000190734863,301.27392578125,2,0.11,0.0,0.0,0.17,0.72,213.0,0.0,0.0,35.0,504.0,6999.739921092987,10243.3134765625
2019-11-07,4.300000190734863,91.05999755859375,66.80999755859375,33.08494567871094,10.079999923706055,302.3334655761719,3,0.11,0.0,0.0,0.17,0.72,213.0,0.0,0.0,35.0,504.0,7154.19310092926,10279.337829589844
2019-11-08,5.170000076293945,93.2300033569336,69.8499984741211,33.05509948730469,10.100000381469727,303.0790710449219,4,0.11,0.0,0.0,0.17,0.72,213.0,0.0,0.0,35.0,504.0,7348.538690567017,10304.688415527344
2019-11-11,5.5,96.16999816894531,68.38999938964844,33.36355209350586,10.086000442504883,302.500244140625,0,0.11,0.0,0.0,0.17,0.72,213.0,0.0,0.0,35.0,504.0,7422.568546295166,10285.00830078125
2019-11-12,5.559999942779541,95.08999633789062,68.0,33.21430206298828,10.086000442504883,303.13787841796875,1,0.3,0.0,0.0,0.0,0.7,403.0,0.0,0.0,0.0,515.0,7430.124783039093,10306.687866210938
2019-11-13,5.269999980926514,98.33999633789062,68.01000213623047,32.667030334472656,10.086000442504883,303.2359924316406,2,0.3,0.0,0.0,0.0,0.7,403.0,0.0,0.0,0.0,515.0,7318.1002202034,10310.023742675781
2019-11-14,5.900000095367432,98.11000061035156,67.73999786376953,34.428245544433594,10.09000015258789,303.67742919921875,3,0.3,0.0,0.0,0.0,0.7,403.0,0.0,0.0,0.0,515.0,7574.050117015839,10325.032592773438
2019-11-15,6.53000020980835,99.54000091552734,70.01000213623047,34.6571044921875,10.09000015258789,305.875,4,0.3,0.0,0.0,0.0,0.7,403.0,0.0,0.0,0.0,515.0,7827.940163135529,10399.75
2019-11-18,6.630000114440918,101.66000366210938,70.08000183105469,35.035213470458984,10.039999961853027,306.1006164550781,0,0.3,0.0,0.0,0.0,0.7,403.0,0.0,0.0,0.0,515.0,7842.490026473999,10407.420959472656
2019-11-19,6.380000114440918,103.0,69.63999938964844,35.36357879638672,10.039999961853027,306.0122985839844,1,0.08,0.12,0.0,0.0,0.81,94.0,9.0,0.0,0.0,622.0,7741.740026473999,10404.418151855469
2019-11-20,6.480000019073486,103.73999786376953,70.98999786376953,35.234222412109375,10.043000221252441,304.87432861328125,2,0.08,0.12,0.0,0.0,0.81,94.0,9.0,0.0,0.0,622.0,7789.526120185852,10365.727172851562
2019-11-21,6.139999866485596,103.52999877929688,69.91999816894531,35.303871154785156,10.043000221252441,304.3837890625,3,0.08,0.12,0.0,0.0,0.81,94.0,9.0,0.0,0.0,622.0,7755.676114082336,10349.048828125
2019-11-22,6.25,104.29000091552734,73.16000366210938,34.29888916015625,10.043000221252441,305.0606994628906,4,0.08,0.12,0.0,0.0,0.81,94.0,9.0,0.0,0.0,622.0,7772.856145858765,10372.063781738281
2019-11-25,6.269999980926514,103.36000061035156,74.55000305175781,34.49789047241211,10.039999961853027,307.42498779296875,0,0.08,0.12,0.0,0.0,0.81,94.0,9.0,0.0,0.0,622.0,7764.499979972839,10452.449584960938
2019-11-26,6.300000190734863,102.58999633789062,75.16000366210938,33.98048400878906,10.039999961853027,308.12152099609375,1,0.16,0.1,0.0,0.0,0.74,198.0,8.0,0.0,0.0,569.0,7760.389961242676,10476.131713867188
2019-11-27,6.300000190734863,103.0,74.08000183105469,34.37848663330078,10.050000190734863,309.4949951171875,2,0.16,0.1,0.0,0.0,0.74,198.0,8.0,0.0,0.0,569.0,7789.85014629364,10522.829833984375
2019-11-29,6.519999980926514,103.27999877929688,74.5,33.25410079956055,10.050000190734863,308.34716796875,4,0.16,0.1,0.0,0.0,0.74,198.0,8.0,0.0,0.0,569.0,7835.650094985962,10483.8037109375
2019-12-02,6.269999980926514,97.6500015258789,68.93000030517578,31.880950927734375,10.074999809265137,305.72784423828125,0,0.16,0.1,0.0,0.0,0.74,198.0,8.0,0.0,0.0,569.0,7755.334899902344,10394.746704101562
2019-12-03,5.980000019073486,99.27999877929688,70.0199966430664,32.209312438964844,10.074999809265137,303.67742919921875,1,0.57,0.43,0.0,0.0,0.0,732.0,34.0,0.0,0.0,0.0,7710.954885482788,10325.032592773438
2019-12-04,5.550000190734863,98.93000030517578,69.95999908447266,32.37846755981445,10.074999809265137,305.55120849609375,2,0.57,0.43,0.0,0.0,0.0,732.0,34.0,0.0,0.0,0.0,7426.2201499938965,10388.741088867188
2019-12-05,5.46999979019165,97.54000091552734,69.66999816894531,32.34861373901367,10.0600004196167,306.1006164550781,3,0.57,0.43,0.0,0.0,0.0,732.0,34.0,0.0,0.0,0.0,7320.399877548218,10407.420959472656
2019-12-06,5.28000020980835,98.54000091552734,62.7400016784668,32.40831756591797,10.0649995803833,308.8965148925781,4,0.57,0.43,0.0,0.0,0.0,732.0,34.0,0.0,0.0,0.0,7215.320184707642,10502.481506347656
2019-12-09,5.329999923706055,98.98999786376953,65.94000244140625,32.079959869384766,10.0600004196167,307.9253234863281,0,0.57,0.43,0.0,0.0,0.0,732.0,34.0,0.0,0.0,0.0,7267.219871520996,10469.460998535156
2019-12-10,5.190000057220459,97.36000061035156,64.56999969482422,32.249114990234375,10.09000015258789,307.5819396972656,1,0.0,1.0,0.0,0.0,0.0,0.0,73.0,0.0,0.0,0.0,7109.320062637329,10457.785949707031
2019-12-11,5.639999866485596,96.2300033569336,63.52000045776367,32.079959869384766,10.079999923706055,308.455078125,2,0.0,1.0,0.0,0.0,0.0,0.0,73.0,0.0,0.0,0.0,7024.790245056152,10487.47265625
2019-12-12,6.210000038146973,96.86000061035156,62.4900016784668,32.93568420410156,10.074000358581543,311.1136474609375,3,0.0,1.0,0.0,0.0,0.0,0.0,73.0,0.0,0.0,0.0,7070.780044555664,10577.864013671875
2019-12-13,6.78000020980835,97.9800033569336,63.540000915527344,33.2640495300293,10.09000015258789,311.300048828125,4,0.0,1.0,0.0,0.0,0.0,0.0,73.0,0.0,0.0,0.0,7152.540245056152,10584.20166015625
2019-12-16,6.679999828338623,98.8499984741211,66.3499984741211,33.45310592651367,10.079999923706055,313.4386901855469,0,0.0,1.0,0.0,0.0,0.0,0.0,73.0,0.0,0.0,0.0,7216.04988861084,10656.915466308594
2019-12-17,6.619999885559082,97.58999633789062,66.16999816894531,33.66206741333008,10.09000015258789,313.5074157714844,1,0.0,0.0,0.0,0.0,1.0,5.0,0.0,0.0,0.0,703.0,7124.069732666016,10659.252136230469
2019-12-18,7.230000019073486,98.43000030517578,67.5999984741211,34.55759811401367,10.140000343322754,313.5270080566406,2,0.0,0.0,0.0,0.0,1.0,5.0,0.0,0.0,0.0,703.0,7164.570241451263,10659.918273925781
2019-12-19,6.309999942779541,99.87999725341797,68.18000030517578,34.45809555053711,10.180000305175781,314.8121337890625,3,0.0,0.0,0.0,0.0,1.0,5.0,0.0,0.0,0.0,703.0,7188.090214252472,10703.612548828125
2019-12-20,6.570000171661377,100.26000213623047,66.93000030517578,35.1247673034668,10.170000076293945,316.1923522949219,4,0.0,0.0,0.0,0.0,1.0,5.0,0.0,0.0,0.0,703.0,7182.36005449295,10750.539978027344
2019-12-23,6.53000020980835,100.38999938964844,66.1500015258789,35.06507110595703,10.84000015258789,316.6754150390625,0,0.0,0.0,0.0,0.0,1.0,5.0,0.0,0.0,0.0,703.0,7653.170108318329,10766.964111328125
2019-12-24,6.610000133514404,100.55000305175781,66.45999908447266,35.14466857910156,10.84000015258789,316.6852722167969,1,0.03,0.0,0.0,0.12,0.85,32.0,0.0,0.0,26.0,603.0,7653.570107936859,10767.299255371094
2019-12-26,6.5,102.61000061035156,67.44999694824219,35.39342498779297,10.739999771118164,318.3710632324219,3,0.03,0.0,0.0,0.12,0.85,32.0,0.0,0.0,26.0,603.0,7604.44891166687,10824.616149902344
2019-12-27,6.369999885559082,100.43000030517578,66.63999938964844,32.676979064941406,10.680000305175781,318.29217529296875,4,0.03,0.0,0.0,0.12,0.85,32.0,0.0,0.0,26.0,603.0,7493.481636047363,10821.933959960938
2019-12-30,7.190000057220459,97.79000091552734,66.79000091552734,30.507801055908203,10.640000343322754,316.5373840332031,0,0.03,0.0,0.0,0.12,0.85,32.0,0.0,0.0,26.0,603.0,7439.203036308289,10762.271057128906
2019-12-31,7.46999979019165,98.27999877929688,68.04000091552734,28.925691604614258,10.699999809265137,317.30633544921875,1,0.12,0.11,0.0,0.0,0.77,116.0,9.0,0.0,0.0,536.0,7443.207859992981,10788.415405273438
2020-01-02,7.880000114440918,103.1500015258789,68.72000122070312,28.408273696899414,10.680000305175781,320.27374267578125,3,0.12,0.11,0.0,0.0,0.77,116.0,9.0,0.0,0.0,536.0,7566.910190582275,10889.307250976562
2020-01-03,8.029999732971191,103.5199966430664,67.27999877929688,28.647083282470703,10.680000305175781,317.84857177734375,4,0.12,0.11,0.0,0.0,0.77,116.0,9.0,0.0,0.0,536.0,7587.640102386475,10806.851440429688
2020-01-06,8.069999694824219,107.45999908447266,70.31999969482422,30.856063842773438,10.800000190734863,319.0611877441406,0,0.12,0.11,0.0,0.0,0.77,116.0,9.0,0.0,0.0,536.0,7692.06005859375,10848.080383300781
2020-01-07,8.180000305175781,108.05999755859375,71.9000015258789,30.895862579345703,10.899999618530273,318.1640319824219,1,0.16,0.17,0.24,0.0,0.44,149.0,12.0,26.0,0.0,311.0,7763.819808959961,10817.577087402344
2020-01-08,8.470000267028809,109.38999938964844,72.55000305175781,30.44809913635254,11.260000228881836,319.8597412109375,2,0.16,0.17,0.24,0.0,0.44,149.0,12.0,26.0,0.0,311.0,7962.870182991028,10875.231201171875
2020-01-09,8.65999984741211,113.0199966430664,72.62000274658203,31.522737503051758,12.25,322.028564453125,3,0.16,0.17,0.24,0.0,0.44,149.0,12.0,26.0,0.0,311.0,8344.450008392334,10948.97119140625
2020-01-10,9.130000114440918,115.73999786376953,73.08999633789062,33.204349517822266,12.390000343322754,321.10186767578125,4,0.16,0.17,0.24,0.0,0.44,149.0,12.0,26.0,0.0,311.0,8502.880002975464,10917.463500976562
2020-01-13,9.0600004196167,120.33999633789062,74.02999877929688,33.61231231689453,12.0,323.3101806640625,0,0.16,0.17,0.24,0.0,0.44,149.0,12.0,26.0,0.0,311.0,8450.799986839294,10992.546142578125
2020-01-14,9.470000267028809,119.0199966430664,73.16000366210938,32.5277214050293,11.9399995803833,322.8172607421875,1,0.11,0.34,0.33,0.0,0.22,97.0,24.0,38.0,0.0,158.0,8454.76996421814,10975.786865234375
2020-01-15,9.75,119.87999725341797,76.94000244140625,32.98543930053711,12.699999809265137,323.5467834472656,2,0.11,0.34,0.33,0.0,0.22,97.0,24.0,38.0,0.0,158.0,8753.18999671936,11000.590637207031
2020-01-16,9.279999732971191,119.58000183105469,76.11000061035156,33.10484313964844,12.989999771118164,326.2381591796875,3,0.11,0.34,0.33,0.0,0.22,97.0,24.0,38.0,0.0,158.0,8714.680005073547,11092.097412109375
2020-01-17,9.710000038146973,119.36000061035156,75.55999755859375,33.691917419433594,13.569999694824219,327.2536315917969,4,0.11,0.34,0.33,0.0,0.22,97.0,24.0,38.0,0.0,158.0,8821.849877357483,11126.623474121094
2020-01-21,9.140000343322754,119.08000183105469,76.7300033569336,34.99541091918945,13.829999923706055,326.61279296875,1,0.3,0.43,0.0,0.0,0.27,292.0,32.0,0.0,0.0,171.0,8845.380192756653,11104.8349609375
2020-01-22,9.279999732971191,119.12000274658203,75.54000091552734,34.94565963745117,14.270000457763672,326.6522216796875,2,0.3,0.43,0.0,0.0,0.27,292.0,32.0,0.0,0.0,171.0,8961.7700881958,11106.175537109375
2020-01-23,9.15999984741211,120.80000305175781,74.47000122070312,33.34365463256836,14.4399995803833,327.02685546875,3,0.3,0.43,0.0,0.0,0.27,292.0,32.0,0.0,0.0,171.0,9009.55998134613,11118.9130859375
2020-01-24,9.069999694824219,121.37999725341797,73.0,33.60282516479492,14.359999656677246,324.1185607910156,4,0.3,0.43,0.0,0.0,0.27,292.0,32.0,0.0,0.0,171.0,8988.159764289856,11020.031066894531
2020-01-27,8.279999732971191,120.55000305175781,70.44000244140625,32.90504837036133,15.0,318.92315673828125,0,0.3,0.43,0.0,0.0,0.27,292.0,32.0,0.0,0.0,171.0,8840.360019683838,10843.387329101562
2020-01-28,8.630000114440918,122.76000213623047,71.51000213623047,33.842063903808594,15.079999923706055,322.26519775390625,1,0.13,0.44,0.0,0.0,0.43,139.0,32.0,0.0,0.0,255.0,9026.960088729858,10957.016723632812
2020-01-29,8.40999984741211,123.80000305175781,73.58000183105469,33.24396896362305,14.5,321.9989929199219,2,0.13,0.44,0.0,0.0,0.43,139.0,32.0,0.0,0.0,255.0,8828.090076446533,10947.965759277344
2020-01-30,8.210000038146973,124.80999755859375,74.54000091552734,33.0545768737793,14.670000076293945,323.04400634765625,3,0.13,0.44,0.0,0.0,0.43,139.0,32.0,0.0,0.0,255.0,8875.959946632385,10983.496215820312
2020-01-31,7.880000114440918,124.33999633789062,76.30000305175781,32.47642517089844,14.529999732971191,317.1781921386719,4,0.13,0.44,0.0,0.0,0.43,139.0,32.0,0.0,0.0,255.0,8779.349830627441,10784.058532714844
2020-02-03,8.640000343322754,128.17999267578125,87.66000366210938,32.55616760253906,14.510000228881836,319.5343933105469,0,0.13,0.44,0.0,0.0,0.43,139.0,32.0,0.0,0.0,255.0,9002.769871711731,10864.169372558594
2020-02-04,9.350000381469727,131.89999389648438,85.79000091552734,33.59286117553711,14.569999694824219,324.4044494628906,1,0.0,0.66,0.06,0.0,0.28,0.0,46.0,6.0,0.0,180.0,9235.799779891968,11029.751281738281
2020-02-05,9.4399995803833,127.1500015258789,86.98999786376953,34.101234436035156,14.25,328.15069580078125,2,0.0,0.66,0.06,0.0,0.28,0.0,46.0,6.0,0.0,180.0,8935.840057373047,11157.123657226562
2020-02-06,9.579999923706055,117.87000274658203,87.26000213623047,34.96847152709961,13.609999656677246,329.2548828125,3,0.0,0.66,0.06,0.0,0.28,0.0,46.0,6.0,0.0,180.0,8395.38007736206,11194.666015625
2020-02-07,9.850000381469727,122.20999908447266,88.63999938964844,34.001556396484375,14.5,327.50006103515625,4,0.0,0.66,0.06,0.0,0.28,0.0,46.0,6.0,0.0,180.0,8763.499954223633,11135.002075195312
2020-02-10,10.010000228881836,125.70999908447266,89.66999816894531,36.02510452270508,16.020000457763672,329.9449768066406,0,0.0,0.66,0.06,0.0,0.28,0.0,46.0,6.0,0.0,180.0,9204.280029296875,11218.129211425781
2020-02-11,10.09000015258789,125.41000366210938,88.68000030517578,37.48046112060547,16.81999969482422,330.5167541503906,1,0.0,0.0,0.38,0.03,0.58,0.0,0.0,40.0,9.0,322.0,9328.540115356445,11237.569641113281
2020-02-12,10.460000038146973,125.91999816894531,88.27999877929688,35.975257873535156,18.350000381469727,332.6462097167969,2,0.0,0.0,0.38,0.03,0.58,0.0,0.0,40.0,9.0,322.0,9763.677394866943,11309.971130371094
2020-02-13,9.649999618530273,128.6699981689453,89.86000061035156,36.74281311035156,17.90999984741211,332.2912902832031,3,0.0,0.0,0.38,0.03,0.58,0.0,0.0,40.0,9.0,322.0,9692.105293273926,11297.903869628906
2020-02-14,10.699999809265137,127.73999786376953,90.94999694824219,36.533477783203125,17.329999923706055,332.82366943359375,4,0.0,0.0,0.38,0.03,0.58,0.0,0.0,40.0,9.0,322.0,9547.061153411865,11316.004760742188
2020-02-18,11.710000038146973,128.13999938964844,96.38999938964844,37.51036834716797,17.290000915527344,331.9659729003906,1,0.0,0.0,0.4,0.2,0.4,0.0,0.0,41.0,52.0,223.0,9760.573585510254,11286.843078613281
2020-02-19,14.09000015258789,128.05999755859375,103.93000030517578,38.47727966308594,17.969999313354492,333.55316162109375,2,0.0,0.0,0.4,0.2,0.4,0.0,0.0,41.0,52.0,223.0,10269.258401870728,11340.807495117188
2020-02-20,12.720000267028809,126.70999908447266,105.29000091552734,38.86604309082031,17.649999618530273,332.1828918457031,3,0.0,0.0,0.4,0.2,0.4,0.0,0.0,41.0,52.0,223.0,10273.874193191528,11294.218322753906
2020-02-21,11.779999732971191,123.2699966430664,101.76000213623047,38.68661117553711,16.950000762939453,328.761962890625,4,0.0,0.0,0.4,0.2,0.4,0.0,0.0,41.0,52.0,223.0,9963.714038848877,11177.90673828125
2020-02-24,11.760000228881836,117.94000244140625,105.01000213623047,37.081729888916016,16.639999389648438,317.8584289550781,0,0.0,0.0,0.4,0.2,0.4,0.0,0.0,41.0,52.0,223.0,9944.379905700684,10807.186584472656
2020-02-25,10.75,112.30999755859375,107.08000183105469,35.995201110839844,16.959999084472656,308.22662353515625,1,0.0,0.0,0.58,0.32,0.09,0.0,0.0,55.0,90.0,56.0,10044.110328674316,10479.705200195312
2020-02-26,10.739999771118164,112.95999908447266,106.87999725341797,36.32415008544922,16.829999923706055,307.0929260253906,2,0.0,0.0,0.58,0.32,0.09,0.0,0.0,55.0,90.0,56.0,10090.053352355957,10441.159484863281
2020-02-27,9.170000076293945,110.91000366210938,113.55000305175781,35.48681640625,16.170000076293945,293.3008728027344,3,0.0,0.0,0.58,0.32,0.09,0.0,0.0,55.0,90.0,56.0,10344.58364868164,9972.229675292969
2020-02-28,9.069999694824219,112.63999938964844,105.0,32.456485748291016,16.020000457763672,292.06854248046875,4,0.0,0.0,0.58,0.32,0.09,0.0,0.0,55.0,90.0,56.0,9593.203742980957,9930.330444335938
2020-03-02,8.869999885559082,111.4800033569336,113.11000061035156,32.456485748291016,16.65999984741211,304.71697998046875,0,0.0,0.0,0.58,0.32,0.09,0.0,0.0,55.0,90.0,56.0,10075.093742370605,10360.377319335938
2020-03-03,9.289999961853027,105.37000274658203,117.47000122070312,32.59604263305664,16.40999984741211,295.9922180175781,1,0.0,0.0,0.75,0.0,0.25,0.0,0.0,66.0,0.0,155.0,10313.453895568848,10063.735412597656
2020-03-04,10.09000015258789,104.87999725341797,116.80000305175781,34.340476989746094,18.690000534057617,308.43365478515625,2,0.0,0.0,0.75,0.0,0.25,0.0,0.0,66.0,0.0,155.0,10605.750284194946,10486.744262695312
2020-03-05,10.199999809265137,105.98999786376953,125.0,33.7623176574707,17.940000534057617,298.1808166503906,3,0.0,0.0,0.75,0.0,0.25,0.0,0.0,66.0,0.0,155.0,11030.70008277893,10138.147766113281
2020-03-06,9.170000076293945,101.7699966430664,114.31999969482422,35.56656265258789,16.829999923706055,293.2515563964844,4,0.0,0.0,0.75,0.0,0.25,0.0,0.0,66.0,0.0,155.0,10153.769968032837,9970.552917480469
2020-03-09,8.510000228881836,93.05000305175781,113.75,34.50992965698242,17.010000228881836,270.3502197265625,0,0.0,0.0,0.75,0.0,0.25,0.0,0.0,66.0,0.0,155.0,10144.050035476685,9191.907470703125
2020-03-10,8.970000267028809,92.61000061035156,108.48999786376953,33.65266418457031,16.600000381469727,284.3394775390625,1,0.0,0.0,0.88,0.0,0.12,0.0,0.0,79.0,0.0,73.0,9733.339918136597,9667.542236328125
2020-03-11,7.650000095367432,87.01000213623047,110.30000305175781,30.103986740112305,14.5,270.4783935546875,2,0.0,0.0,0.88,0.0,0.12,0.0,0.0,79.0,0.0,73.0,9772.200241088867,9196.265380859375
2020-03-12,6.489999771118164,78.33999633789062,109.47000122070312,27.821266174316406,11.170000076293945,244.59976196289062,3,0.0,0.0,0.88,0.0,0.12,0.0,0.0,79.0,0.0,73.0,9463.540102005005,8316.391906738281
2020-03-13,6.119999885559082,79.98999786376953,107.47000122070312,28.648630142211914,12.449999809265137,265.5096740722656,4,0.0,0.0,0.88,0.0,0.12,0.0,0.0,79.0,0.0,73.0,9398.980082511902,9027.328918457031
2020-03-16,5.309999942779541,71.69999694824219,107.86000061035156,26.7048282623291,11.800000190734863,236.45663452148438,0,0.0,0.0,0.88,0.0,0.12,0.0,0.0,79.0,0.0,73.0,9382.340062141418,8039.525573730469
2020-03-17,4.079999923706055,77.62000274658203,111.0999984741211,29.87471580505371,12.890000343322754,249.22340393066406,1,0.0,0.0,1.0,0.0,0.0,0.0,0.0,87.0,0.0,0.0,9717.869904518127,8473.595733642578
2020-03-18,3.069999933242798,74.08999633789062,118.70999908447266,29.416181564331055,11.399999618530273,236.6044921875,2,0.0,0.0,1.0,0.0,0.0,0.0,0.0,87.0,0.0,0.0,10327.769920349121,8044.552734375
2020-03-19,4.369999885559082,82.5,123.7699966430664,30.313318252563477,11.399999618530273,237.10726928710938,3,0.0,0.0,1.0,0.0,0.0,0.0,0.0,87.0,0.0,0.0,10767.989707946777,8061.647155761719
2020-03-20,4.079999923706055,84.13999938964844,130.5500030517578,29.466018676757812,11.479999542236328,226.8893280029297,4,0.0,0.0,1.0,0.0,0.0,0.0,0.0,87.0,0.0,0.0,11357.85026550293,7714.237152099609
2020-03-23,3.890000104904175,89.73999786376953,159.55999755859375,29.176942825317383,11.300000190734863,221.0881805419922,0,0.0,0.0,1.0,0.0,0.0,0.0,0.0,87.0,0.0,0.0,13881.719787597656,7516.998138427734
2020-03-24,5.619999885559082,97.52999877929688,135.17999267578125,31.908231735229492,11.850000381469727,241.11949157714844,1,0.0,0.0,1.0,0.0,0.0,0.0,0.0,87.0,0.0,0.0,11760.659362792969,8198.062713623047
2020-03-25,5.329999923706055,96.83000183105469,138.11000061035156,30.951282501220703,13.0,244.72909545898438,2,0.0,0.0,1.0,0.0,0.0,0.0,0.0,87.0,0.0,0.0,12015.570053100586,8320.789245605469
2020-03-26,5.579999923706055,100.69000244140625,141.14999389648438,32.56613540649414,13.210000038146973,259.0187683105469,3,0.0,0.0,1.0,0.0,0.0,0.0,0.0,87.0,0.0,0.0,12280.04946899414,8806.638122558594
2020-03-27,5.210000038146973,96.62999725341797,151.6999969482422,32.96486282348633,12.6899995803833,251.30372619628906,4,0.0,0.0,1.0,0.0,0.0,0.0,0.0,87.0,0.0,0.0,13197.89973449707,8544.326690673828
2020-03-30,5.329999923706055,97.0,150.8800048828125,35.3372917175293,12.210000038146973,259.4649963378906,0,0.0,0.0,1.0,0.0,0.0,0.0,0.0,87.0,0.0,0.0,13126.560424804688,8821.809875488281
2020-03-31,5.230000019073486,89.48999786376953,146.1199951171875,34.80897903442383,12.34000015258789,255.5975799560547,1,0.0,0.0,0.57,0.43,0.0,0.0,0.0,49.0,157.0,0.0,12712.439575195312,8690.31771850586
2020-04-01,4.460000038146973,84.93000030517578,137.0,32.80537033081055,11.770000457763672,244.0944366455078,2,0.0,0.0,0.57,0.43,0.0,0.0,0.0,49.0,157.0,0.0,11863.443141937256,8299.210845947266
2020-04-02,4.960000038146973,83.31999969482422,121.93000030517578,34.141109466552734,12.25,249.72702026367188,3,0.0,0.0,0.57,0.43,0.0,0.0,0.0,49.0,157.0,0.0,11334.724201202393,8490.718688964844
2020-04-03,4.789999961853027,80.69000244140625,128.1999969482422,33.782257080078125,12.25,246.11741638183594,4,0.0,0.0,0.57,0.43,0.0,0.0,0.0,49.0,157.0,0.0,11585.614212036133,8367.992156982422
2020-04-06,5.239999771118164,86.66000366210938,122.94000244140625,34.171016693115234,12.609999656677246,262.648193359375,0,0.0,0.0,0.57,0.43,0.0,0.0,0.0,49.0,157.0,0.0,11388.909740447998,8930.03857421875
2020-04-07,5.090000152587891,87.22000122070312,113.75,33.782257080078125,13.029999732971191,262.91595458984375,1,0.0,0.0,0.68,0.32,0.0,0.0,0.0,65.0,105.0,0.0,10877.564361572266,8939.142456054688
2020-04-08,5.860000133514404,91.7300033569336,117.80999755859375,34.24079132080078,14.75,271.7416076660156,2,0.0,0.0,0.68,0.32,0.0,0.0,0.0,65.0,105.0,0.0,11252.932929992676,9239.214660644531
2020-04-09,6.139999866485596,95.33999633789062,124.51000213623047,35.8357048034668,14.510000228881836,275.8768005371094,3,0.0,0.0,0.68,0.32,0.0,0.0,0.0,65.0,105.0,0.0,11855.899143218994,9379.811218261719
2020-04-13,5.940000057220459,95.88999938964844,135.9199981689453,35.745994567871094,14.25,273.3580017089844,0,0.0,0.0,0.68,0.32,0.0,0.0,0.0,65.0,105.0,0.0,12588.12931060791,9294.172058105469
2020-04-14,7.300000190734863,98.79000091552734,141.88999938964844,37.72966384887695,14.75,281.4201354980469,1,0.0,0.0,0.23,0.59,0.17,0.0,0.0,22.0,208.0,156.0,13184.464664459229,9568.284606933594
2020-04-15,6.550000190734863,100.81999969482422,151.55999755859375,37.301029205322266,15.489999771118164,275.44049072265625,2,0.0,0.0,0.23,0.59,0.17,0.0,0.0,22.0,208.0,156.0,13509.373985290527,9364.976684570312
2020-04-16,6.480000019073486,103.62999725341797,150.25999450683594,38.38756561279297,16.09000015258789,276.769287109375,3,0.0,0.0,0.23,0.59,0.17,0.0,0.0,22.0,208.0,156.0,13800.373550415039,9410.15576171875
2020-04-17,6.829999923706055,107.87999725341797,150.05999755859375,38.2081413269043,16.950000762939453,284.2463073730469,4,0.0,0.0,0.23,0.59,0.17,0.0,0.0,22.0,208.0,156.0,13892.813461303711,9664.374450683594
2020-04-20,6.800000190734863,108.37000274658203,148.99000549316406,38.93581771850586,17.56999969482422,279.23846435546875,0,0.0,0.0,0.23,0.59,0.17,0.0,0.0,22.0,208.0,156.0,14117.350158691406,9494.107788085938
2020-04-21,6.769999980926514,105.0,143.27000427246094,39.88279342651367,17.200000762939453,270.7598876953125,1,0.0,0.0,0.06,0.46,0.48,0.0,0.0,6.0,163.0,395.0,14130.761245727539,9205.836181640625
2020-04-22,7.949999809265137,107.88999938964844,150.25,42.00602340698242,17.149999618530273,276.769287109375,2,0.0,0.0,0.06,0.46,0.48,0.0,0.0,6.0,163.0,395.0,14522.731664657593,9410.15576171875
2020-04-23,7.920000076293945,107.51000213623047,169.08999633789062,42.36539077758789,17.530000686645508,276.7494201660156,3,0.0,0.0,0.06,0.46,0.48,0.0,0.0,6.0,163.0,395.0,14844.448945999146,9409.480285644531
2020-04-24,8.279999732971191,109.94999694824219,158.8000030517578,41.856292724609375,19.350000381469727,280.6069641113281,4,0.0,0.0,0.06,0.46,0.48,0.0,0.0,6.0,163.0,395.0,15418.625883102417,9540.636779785156
2020-04-27,8.470000267028809,109.41999816894531,164.60000610351562,40.937904357910156,19.520000457763672,284.65289306640625,0,0.0,0.0,0.06,0.46,0.48,0.0,0.0,6.0,163.0,395.0,15370.8786277771,9678.198364257812
2020-04-28,7.71999979019165,104.58999633789062,156.72000122070312,40.55857467651367,18.239999771118164,283.3439025878906,1,0.0,0.0,0.07,0.28,0.65,0.0,0.0,7.0,102.0,523.0,14756.167589187622,9633.692687988281
2020-04-29,7.980000019073486,111.30000305175781,146.47999572753906,41.73650360107422,19.399999618530273,290.7614440917969,2,0.0,0.0,0.07,0.28,0.65,0.0,0.0,7.0,102.0,523.0,15428.683137893677,9885.889099121094
2020-04-30,7.670000076293945,112.30000305175781,135.1699981689453,37.98311233520508,19.459999084472656,288.05426025390625,3,0.0,0.0,0.07,0.28,0.65,0.0,0.0,7.0,102.0,523.0,14998.046966552734,9793.844848632812
2020-05-01,7.349999904632568,107.9800033569336,138.55999755859375,38.981353759765625,20.1200008392334,280.428466796875,4,0.0,0.0,0.07,0.28,0.65,0.0,0.0,7.0,102.0,523.0,15468.778505325317,9534.56787109375
2020-05-04,7.210000038146973,113.25,143.44000244140625,37.57383346557617,20.989999771118164,281.20196533203125,0,0.0,0.0,0.07,0.28,0.65,0.0,0.0,7.0,102.0,523.0,15814.380910873413,9560.866821289062
2020-05-05,7.340000152587891,116.56999969482422,144.82000732421875,38.402374267578125,21.610000610351562,283.8000793457031,1,0.0,0.2,0.11,0.11,0.59,0.0,28.0,12.0,45.0,442.0,16232.812545776367,9649.202697753906
2020-05-06,7.880000114440918,122.4000015258789,149.58999633789062,38.442298889160156,23.829999923706055,281.87628173828125,2,0.0,0.2,0.11,0.11,0.59,0.0,28.0,12.0,45.0,442.0,17485.04341506958,9583.793579101562
2020-05-07,7.849999904632568,170.88999938964844,157.8000030517578,39.41059875488281,23.510000228881836,285.2776184082031,3,0.0,0.2,0.11,0.11,0.59,0.0,28.0,12.0,45.0,442.0,18843.417064666748,9699.439025878906
2020-05-08,8.300000190734863,179.69000244140625,155.39999389648438,40.04947280883789,23.450000762939453,289.9978942871094,4,0.0,0.2,0.11,0.11,0.59,0.0,28.0,12.0,45.0,442.0,19063.24660873413,9859.928405761719
2020-05-11,8.390000343322754,186.61000061035156,166.47999572753906,39.94964599609375,24.459999084472656,290.057373046875,0,0.0,0.2,0.11,0.11,0.59,0.0,28.0,12.0,45.0,442.0,19831.893630981445,9861.95068359375
2020-05-12,8.579999923706055,190.2899932861328,161.0399932861328,38.36244201660156,26.299999237060547,284.2760925292969,1,0.0,0.22,0.01,0.06,0.7,0.0,24.0,2.0,33.0,552.0,20611.509284973145,9665.387145996094
2020-05-13,7.849999904632568,187.4199981689453,167.13999938964844,37.364200592041016,25.854999542236328,279.2484130859375,2,0.0,0.22,0.01,0.06,0.7,0.0,24.0,2.0,33.0,552.0,20337.33832168579,9494.446044921875
2020-05-14,8.029999732971191,191.86000061035156,167.91000366210938,37.63372802734375,25.309999465942383,282.59027099609375,3,0.0,0.22,0.01,0.06,0.7,0.0,24.0,2.0,33.0,552.0,20153.492752075195,9608.069213867188
2020-05-15,8.029999732971191,189.22000122070312,174.8300018310547,38.95140838623047,29.229999542236328,283.88934326171875,4,0.0,0.22,0.01,0.06,0.7,0.0,24.0,2.0,33.0,552.0,22311.296257019043,9652.237670898438
2020-05-18,8.34000015258789,183.38999938964844,164.69000244140625,39.560333251953125,29.549999237060547,292.5364990234375,0,0.0,0.22,0.01,0.06,0.7,0.0,24.0,2.0,33.0,552.0,22347.83056640625,9946.240966796875
2020-05-19,8.270000457763672,183.24000549316406,173.67999267578125,39.52040481567383,29.56999969482422,289.53179931640625,1,0.0,0.28,0.04,0.0,0.67,0.0,35.0,6.0,0.0,509.0,22371.933307647705,9844.081176757812
2020-05-20,8.0,191.91000366210938,175.47999572753906,39.560333251953125,29.690000534057617,294.45037841796875,2,0.0,0.28,0.04,0.0,0.67,0.0,35.0,6.0,0.0,509.0,22881.94037437439,10011.312866210938
2020-05-21,7.929999828338623,194.0,172.02999877929688,39.640193939208984,28.549999237060547,292.4175109863281,3,0.0,0.28,0.04,0.0,0.67,0.0,35.0,6.0,0.0,509.0,22354.1296043396,9942.195373535156
2020-05-22,7.920000076293945,208.6199951171875,171.05999755859375,39.05122756958008,29.110000610351562,292.97283935546875,4,0.0,0.28,0.04,0.0,0.67,0.0,35.0,6.0,0.0,509.0,23145.05012512207,9961.076538085938
2020-05-26,8.149999618530273,196.39999389648438,164.0,41.32722473144531,33.38999938964844,296.5823974609375,1,0.0,0.38,0.0,0.0,0.62,0.0,48.0,0.0,0.0,462.0,24853.509475708008,10083.801513671875
2020-05-27,8.34000015258789,192.35000610351562,161.97000122070312,39.43056106567383,35.150001525878906,300.9952697753906,2,0.0,0.38,0.0,0.0,0.62,0.0,48.0,0.0,0.0,462.0,25472.100997924805,10233.839172363281
2020-05-28,8.069999694824219,191.39999389648438,163.5500030517578,48.34486389160156,37.25,300.43994140625,3,0.0,0.38,0.0,0.0,0.62,0.0,48.0,0.0,0.0,462.0,26396.69970703125,10214.9580078125
2020-05-29,8.029999732971191,197.60000610351562,179.47999572753906,50.58092498779297,39.70000076293945,301.7786865234375,4,0.0,0.38,0.0,0.0,0.62,0.0,48.0,0.0,0.0,462.0,27826.200645446777,10260.475341796875
2020-06-01,8.399999618530273,199.0,204.14999389648438,51.90858459472656,43.70000076293945,302.9983825683594,0,0.0,0.38,0.0,0.0,0.62,0.0,48.0,0.0,0.0,462.0,29741.400352478027,10301.945007324219
2020-06-02,7.980000019073486,201.6699981689453,208.0800018310547,52.018394470214844,41.27000045776367,305.5072326660156,1,0.0,0.28,0.05,0.08,0.59,0.0,40.0,6.0,46.0,408.0,28746.90012359619,10387.245910644531
2020-06-03,7.769999980926514,200.8000030517578,223.8699951171875,49.612632751464844,40.15999984741211,309.5730285644531,2,0.0,0.28,0.05,0.08,0.59,0.0,40.0,6.0,46.0,408.0,28042.68113708496,10525.482971191406
2020-06-04,8.0,193.0500030517578,210.35000610351562,47.67604064941406,40.529998779296875,308.7598571777344,3,0.0,0.28,0.05,0.08,0.59,0.0,40.0,6.0,46.0,408.0,27713.437530517578,10497.835144042969
2020-06-05,8.140000343322754,196.7100067138672,207.60000610351562,48.8439826965332,39.34000015258789,316.6732177734375,4,0.0,0.28,0.05,0.08,0.59,0.0,40.0,6.0,46.0,408.0,27411.543571472168,10766.889404296875
2020-06-08,8.569999694824219,196.72999572753906,209.8300018310547,49.642578125,38.0,320.5010070800781,0,0.0,0.28,0.05,0.08,0.59,0.0,40.0,6.0,46.0,408.0,26915.73843383789,10897.034240722656
2020-06-09,8.399999618530273,194.27000427246094,205.42999267578125,51.21980285644531,39.40999984741211,318.11114501953125,1,0.0,0.34,0.16,0.08,0.41,0.0,49.0,22.0,43.0,286.0,27438.77099609375,10815.778930664062
2020-06-10,10.270000457763672,203.0800018310547,221.02000427246094,50.17164611816406,39.11000061035156,316.3360900878906,2,0.0,0.34,0.16,0.08,0.41,0.0,49.0,22.0,43.0,286.0,28156.201141357422,10755.427062988281
2020-06-11,8.6899995803833,188.4199981689453,222.07000732421875,47.925601959228516,36.279998779296875,298.0996398925781,3,0.0,0.34,0.16,0.08,0.41,0.0,49.0,22.0,43.0,286.0,26555.000606536865,10135.387756347656
2020-06-12,8.789999961853027,191.88999938964844,219.52000427246094,48.69424819946289,36.880001068115234,301.6695861816406,4,0.0,0.34,0.16,0.08,0.41,0.0,49.0,22.0,43.0,286.0,26873.583042144775,10256.765930175781
2020-06-15,9.050000190734863,203.3000030517578,239.02000427246094,54.49403381347656,41.790000915527344,304.4858703613281,0,0.0,0.34,0.16,0.08,0.41,0.0,49.0,22.0,43.0,286.0,29515.323959350586,10352.519592285156
2020-06-16,9.109999656677246,209.69000244140625,242.55999755859375,52.48756790161133,40.56999969482422,310.3465270996094,1,0.0,0.0,0.56,0.21,0.23,0.0,0.0,68.0,119.0,165.0,29471.115398406982,10551.781921386719
2020-06-17,8.8100004196167,211.27999877929688,236.75999450683594,53.116458892822266,40.720001220703125,309.057373046875,2,0.0,0.0,0.56,0.21,0.23,0.0,0.0,68.0,119.0,165.0,29139.33843612671,10507.95068359375
2020-06-18,9.09000015258789,215.2899932861328,241.57000732421875,53.85516357421875,40.84000015258789,309.1763610839844,3,0.0,0.0,0.56,0.21,0.23,0.0,0.0,68.0,119.0,165.0,29574.12498855591,10511.996276855469
2020-06-19,9.430000305175781,210.2899932861328,243.47999572753906,56.03132629394531,42.0,307.4094543457031,4,0.0,0.0,0.56,0.21,0.23,0.0,0.0,68.0,119.0,165.0,30154.36753845215,10451.921447753906
2020-06-22,9.069999694824219,216.25,251.27000427246094,56.13115310668945,38.255001068115234,309.3815612792969,0,0.0,0.0,0.56,0.21,0.23,0.0,0.0,68.0,119.0,165.0,30078.042686462402,10518.973083496094
2020-06-23,9.020000457763672,215.25,252.80999755859375,58.45705795288086,37.9900016784668,310.80584716796875,1,0.0,0.0,0.74,0.26,0.0,0.0,0.0,89.0,134.0,0.0,30415.82000732422,10567.398803710938
2020-06-24,9.0,212.1699981689453,255.89999389648438,55.34253692626953,37.560001373291016,302.8775939941406,2,0.0,0.0,0.74,0.26,0.0,0.0,0.0,89.0,134.0,0.0,30190.999404907227,10297.838195800781
2020-06-25,8.460000038146973,216.52000427246094,259.510009765625,57.7483024597168,36.06999969482422,306.1246032714844,3,0.0,0.0,0.74,0.26,0.0,0.0,0.0,89.0,134.0,0.0,30834.663398742676,10408.236511230469
2020-06-26,7.78000020980835,221.14999389648438,256.79998779296875,58.397159576416016,33.34000015258789,298.85369873046875,4,0.0,0.0,0.74,0.26,0.0,0.0,0.0,89.0,134.0,0.0,30680.418296813965,10161.025756835938
2020-06-29,8.220000267028809,210.99000549316406,248.55999755859375,58.407142639160156,33.540000915527344,303.24609375,0,0.0,0.0,0.74,0.26,0.0,0.0,0.0,89.0,134.0,0.0,29948.396896362305,10310.3671875
2020-06-30,10.880000114440918,219.4199981689453,253.5399932861328,59.714839935302734,33.2599983215332,307.13055419921875,1,0.0,0.0,0.7,0.3,0.0,0.0,0.0,85.0,153.0,0.0,30566.847953796387,10442.438842773438
2020-07-01,10.479999542236328,227.77000427246094,259.1300048828125,61.06246566772461,33.869998931884766,309.2819519042969,2,0.0,0.0,0.7,0.3,0.0,0.0,0.0,85.0,153.0,0.0,31368.607662200928,10515.586364746094
2020-07-02,10.350000381469727,232.35000610351562,261.739990234375,61.69136047363281,33.060001373291016,310.9851379394531,3,0.0,0.0,0.7,0.3,0.0,0.0,0.0,85.0,153.0,0.0,31686.677322387695,10573.494689941406
2020-07-06,11.8100004196167,235.44000244140625,261.0,61.75125503540039,32.41999816894531,315.7859191894531,0,0.0,0.0,0.7,0.3,0.0,0.0,0.0,85.0,153.0,0.0,31632.94202041626,10736.721252441406
2020-07-07,11.350000381469727,233.3000030517578,262.1000061035156,61.541622161865234,30.600000381469727,312.5289611816406,1,0.03,0.0,0.63,0.34,0.0,90.0,0.0,76.0,176.0,0.0,31694.36870956421,10625.984680175781
2020-07-08,12.529999732971191,243.61000061035156,266.32000732421875,61.721309661865234,33.099998474121094,314.91937255859375,2,0.03,0.0,0.63,0.34,0.0,90.0,0.0,76.0,176.0,0.0,32230.971033096313,10707.258666992188
2020-07-09,13.010000228881836,245.3000030517578,269.5199890136719,63.458248138427734,32.81999969482422,313.1265563964844,3,0.03,0.0,0.63,0.34,0.0,90.0,0.0,76.0,176.0,0.0,32823.07085800171,10646.302917480469
2020-07-10,13.720000267028809,240.5800018310547,275.8699951171875,62.35020065307617,32.43000030517578,316.3237609863281,4,0.03,0.0,0.63,0.34,0.0,90.0,0.0,76.0,176.0,0.0,33174.55496788025,10755.007873535156
2020-07-13,12.109999656677246,224.8000030517578,260.29998779296875,62.35020065307617,29.5,313.584716796875,0,0.03,0.0,0.63,0.34,0.0,90.0,0.0,76.0,176.0,0.0,31846.334356307983,10661.88037109375
2020-07-14,13.09000015258789,223.82000732421875,260.010009765625,62.19048309326172,30.21500015258789,317.6484680175781,1,0.06,0.0,0.37,0.57,0.0,150.0,0.0,45.0,291.0,0.0,31884.385780334473,10800.047912597656
2020-07-15,17.649999618530273,224.27000427246094,256.2200012207031,62.27034378051758,32.560001373291016,320.5667724609375,2,0.06,0.0,0.37,0.57,0.0,150.0,0.0,45.0,291.0,0.0,32298.070037841797,10899.270263671875
2020-07-16,17.059999465942383,222.3800048828125,248.5399932861328,62.04074478149414,35.63999938964844,319.5110168457031,3,0.06,0.0,0.37,0.57,0.0,150.0,0.0,45.0,291.0,0.0,31797.15634918213,10863.374572753906
2020-07-17,16.989999771118164,238.57000732421875,246.5399932861328,61.731292724609375,35.36000061035156,320.4372863769531,4,0.06,0.0,0.37,0.57,0.0,150.0,0.0,45.0,291.0,0.0,31606.60584640503,10894.867736816406
2020-07-20,16.610000610351562,262.9700012207031,268.5799865722656,65.07540130615234,35.40999984741211,323.0269470214844,0,0.06,0.0,0.37,0.57,0.0,150.0,0.0,45.0,291.0,0.0,33514.54126739502,10982.916198730469
2020-07-21,17.09000015258789,260.510009765625,260.44000244140625,66.3531494140625,37.54999923706055,323.7142028808594,1,0.15,0.14,0.0,0.71,0.0,299.0,18.0,0.0,359.0,0.0,33592.06661224365,11006.282897949219
2020-07-22,18.709999084472656,262.04998779296875,261.17999267578125,67.11181640625,37.75,325.5567932128906,2,0.15,0.14,0.0,0.71,0.0,299.0,18.0,0.0,359.0,0.0,34404.33159637451,11068.930969238281
2020-07-23,17.56999969482422,254.32000732421875,251.5,66.42302703857422,36.209999084472656,321.6723327636719,3,0.15,0.14,0.0,0.71,0.0,299.0,18.0,0.0,359.0,0.0,33677.05674743652,10936.859313964844
2020-07-24,16.90999984741211,248.2899932861328,246.55999755859375,65.70364379882812,37.54999923706055,319.60064697265625,4,0.15,0.14,0.0,0.71,0.0,299.0,18.0,0.0,359.0,0.0,33112.91795730591,10866.421997070312
2020-07-27,16.219999313354492,252.86000061035156,252.3300018310547,67.4621353149414,35.1150016784668,321.9313049316406,0,0.15,0.14,0.0,0.71,0.0,299.0,18.0,0.0,359.0,0.0,33620.166383743286,10945.664367675781
2020-07-28,14.989999771118164,249.7899932861328,252.17999267578125,63.63541793823242,34.630001068115234,319.8894958496094,1,0.1,0.0,0.0,0.9,0.0,215.0,0.0,0.0,449.0,0.0,31823.34485054016,10876.242858886719
2020-07-29,12.859999656677246,264.6199951171875,252.38999938964844,66.0533447265625,35.88999938964844,323.82373046875,2,0.1,0.0,0.0,0.9,0.0,215.0,0.0,0.0,449.0,0.0,32422.85170841217,11010.0068359375
2020-07-30,12.579999923706055,267.45001220703125,250.0,67.08245849609375,34.790000915527344,322.6683654785156,3,0.1,0.0,0.0,0.9,0.0,215.0,0.0,0.0,449.0,0.0,32824.723848342896,10970.724426269531
2020-07-31,12.15999984741211,277.4200134277344,253.91000366210938,70.33966827392578,33.375,325.2181396484375,4,0.1,0.0,0.0,0.9,0.0,215.0,0.0,0.0,449.0,0.0,34196.91102218628,11057.416748046875
2020-08-03,13.65999984741211,286.3299865722656,268.0,72.02821350097656,32.95000076293945,327.4791259765625,0,0.1,0.0,0.0,0.9,0.0,215.0,0.0,0.0,449.0,0.0,35277.56782913208,11134.290283203125
2020-08-04,14.119999885559082,283.760009765625,267.3399963378906,68.38134765625,33.060001373291016,328.7440490722656,1,0.05,0.21,0.0,0.69,0.06,118.0,24.0,0.0,340.0,58.0,33739.02507305145,11177.297668457031
2020-08-05,14.010000228881836,278.1099853515625,272.8999938964844,62.596309661865234,32.54999923706055,330.7858581542969,2,0.05,0.21,0.0,0.69,0.06,118.0,24.0,0.0,340.0,58.0,31498.464916229248,11246.719177246094
2020-08-06,12.970000267028809,260.489990234375,268.25,65.02423095703125,33.650001525878906,332.99700927734375,3,0.05,0.21,0.0,0.69,0.06,118.0,24.0,0.0,340.0,58.0,31842.158411026,11321.898315429688
2020-08-07,12.539999961853027,249.0,258.7300109863281,65.7735824584961,34.09000015258789,333.236083984375,4,0.05,0.21,0.0,0.69,0.06,118.0,24.0,0.0,340.0,58.0,31795.958040237427,11330.02685546875
2020-08-10,13.029999732971191,250.0500030517578,250.0,64.85437774658203,31.610000610351562,334.2320861816406,0,0.05,0.21,0.0,0.69,0.06,118.0,24.0,0.0,340.0,58.0,31422.60851097107,11363.890930175781
2020-08-11,12.800000190734863,244.49000549316406,231.0399932861328,62.78614807128906,32.040000915527344,331.4731140136719,1,0.0,0.69,0.0,0.0,0.31,0.0,87.0,0.0,0.0,294.0,30583.77055168152,11270.085876464844
2020-08-12,13.210000038146973,240.92999267578125,236.72000122070312,63.095882415771484,33.7400016784668,336.0946350097656,2,0.0,0.69,0.0,0.0,0.31,0.0,87.0,0.0,0.0,294.0,30880.469856262207,11427.217590332031
2020-08-13,14.40999984741211,243.99000549316406,247.25,63.36564636230469,36.04999923706055,335.4870300292969,3,0.0,0.69,0.0,0.0,0.31,0.0,87.0,0.0,0.0,294.0,31825.830253601074,11406.559020996094
2020-08-14,14.170000076293945,240.05999755859375,244.91000366210938,61.35737228393555,33.90999984741211,335.49700927734375,4,0.0,0.69,0.0,0.0,0.31,0.0,87.0,0.0,0.0,294.0,30854.759742736816,11406.898315429688
2020-08-17,14.25,247.8000030517578,266.1499938964844,62.00681686401367,34.68000030517578,336.562744140625,0,0.0,0.69,0.0,0.0,0.31,0.0,87.0,0.0,0.0,294.0,31754.52035522461,11443.13330078125
2020-08-18,17.0,251.94000244140625,276.79998779296875,61.846954345703125,37.209999084472656,337.28985595703125,1,0.0,0.0,1.0,0.0,0.0,0.0,0.0,119.0,0.0,0.0,32858.519943237305,11467.855102539062
2020-08-19,16.889999389648438,251.0,273.510009765625,62.106727600097656,36.27000045776367,335.8854675292969,2,0.0,0.0,1.0,0.0,0.0,0.0,0.0,119.0,0.0,0.0,32547.691162109375,11420.105895996094
2020-08-20,16.360000610351562,257.6499938964844,290.69000244140625,60.48811721801758,36.31999969482422,336.9312744140625,3,0.0,0.0,1.0,0.0,0.0,0.0,0.0,119.0,0.0,0.0,34592.110290527344,11455.663330078125
2020-08-21,17.059999465942383,251.25999450683594,289.67999267578125,60.36821746826172,35.150001525878906,338.1264953613281,4,0.0,0.0,1.0,0.0,0.0,0.0,0.0,119.0,0.0,0.0,34471.91912841797,11496.300842285156
2020-08-24,16.34000015258789,245.47000122070312,282.2799987792969,57.46071243286133,35.810001373291016,341.55279541015625,0,0.0,0.0,1.0,0.0,0.0,0.0,0.0,119.0,0.0,0.0,33591.31985473633,11612.795043945312
2020-08-25,16.299999237060547,249.50999450683594,290.44000244140625,58.70964050292969,39.060001373291016,342.74798583984375,1,0.03,0.0,0.97,0.0,0.0,57.0,0.0,116.0,0.0,0.0,34562.360290527344,11653.431518554688
2020-08-26,16.229999542236328,265.0199890136719,295.2699890136719,60.05848693847656,38.86000061035156,346.1842346191406,2,0.03,0.0,0.97,0.0,0.0,57.0,0.0,116.0,0.0,0.0,35176.42869949341,11770.263977050781
2020-08-27,16.40999984741211,261.5199890136719,294.67999267578125,59.84866714477539,39.060001373291016,346.9411926269531,3,0.03,0.0,0.97,0.0,0.0,57.0,0.0,116.0,0.0,0.0,35118.249141693115,11796.000549316406
2020-08-28,16.309999465942383,264.45001220703125,299.2699890136719,58.75960159301758,36.31999969482422,349.1822204589844,4,0.03,0.0,0.97,0.0,0.0,57.0,0.0,116.0,0.0,0.0,35644.98869514465,11872.195495605469
2020-08-31,15.65999984741211,269.760009765625,325.1000061035156,59.5289421081543,35.36000061035156,347.91729736328125,0,0.03,0.0,0.97,0.0,0.0,57.0,0.0,116.0,0.0,0.0,38604.2206993103,11829.188110351562
2020-09-01,16.450000762939453,273.239990234375,457.69000244140625,60.97769546508789,36.93000030517578,351.1941833496094,1,0.12,0.0,0.85,0.0,0.03,396.0,0.0,100.0,0.0,43.0,54029.690326690674,11940.602233886719
2020-09-02,16.479999542236328,264.20001220703125,423.55999755859375,62.306556701660156,39.900001525878906,356.27386474609375,2,0.12,0.0,0.85,0.0,0.03,396.0,0.0,100.0,0.0,43.0,50597.779640197754,12113.311401367188
2020-09-03,15.720000267028809,248.38999938964844,381.32000732421875,61.247467041015625,38.27000045776367,344.012939453125,3,0.12,0.0,0.85,0.0,0.03,396.0,0.0,100.0,0.0,43.0,46002.73085784912,11696.43994140625
2020-09-04,14.40999984741211,233.5,369.8900146484375,59.91860580444336,37.0,341.20416259765625,4,0.12,0.0,0.85,0.0,0.03,396.0,0.0,100.0,0.0,43.0,44286.361404418945,11600.941528320312
2020-09-08,13.539999961853027,226.16000366210938,350.8800048828125,62.406471252441406,37.0099983215332,331.8814697265625,1,0.0,0.0,0.43,0.0,0.57,0.0,0.0,52.0,0.0,643.0,42041.27040100098,11283.969970703125
2020-09-09,14.479999542236328,233.11000061035156,389.6499938964844,67.21234893798828,40.380001068115234,338.4352722167969,2,0.0,0.0,0.43,0.0,0.57,0.0,0.0,52.0,0.0,643.0,46226.14036941528,11506.799255371094
2020-09-10,13.789999961853027,231.1699981689453,384.4800109863281,66.08332061767578,42.540000915527344,332.55877685546875,3,0.0,0.0,0.43,0.0,0.57,0.0,0.0,52.0,0.0,643.0,47346.181159973145,11306.998413085938
2020-09-11,13.470000267028809,224.41000366210938,383.0,62.77615737915039,41.459999084472656,332.72808837890625,4,0.0,0.0,0.43,0.0,0.57,0.0,0.0,52.0,0.0,643.0,46574.77941131592,11312.755004882812
2020-09-14,14.630000114440918,225.91000366210938,403.510009765625,64.90432739257812,48.619998931884766,337.11053466796875,0,0.0,0.0,0.43,0.0,0.57,0.0,0.0,52.0,0.0,643.0,52245.179821014404,11461.758178710938
2020-09-15,14.470000267028809,226.3300018310547,410.94000244140625,66.0533447265625,48.209999084472656,338.8137512207031,1,0.0,0.0,0.29,0.0,0.71,0.0,0.0,37.0,0.0,774.0,52367.90953826904,11519.667541503906
2020-09-16,14.90999984741211,228.74000549316406,408.1700134277344,65.4438705444336,51.029998779296875,337.4691162109375,2,0.0,0.0,0.29,0.0,0.71,0.0,0.0,37.0,0.0,774.0,54599.50955200195,11473.949951171875
2020-09-17,14.550000190734863,221.8699951171875,413.125,64.79442596435547,53.11000061035156,334.5010070800781,3,0.0,0.0,0.29,0.0,0.71,0.0,0.0,37.0,0.0,774.0,56392.76547241211,11373.034240722656
2020-09-18,17.229999542236328,225.39999389648438,438.7300109863281,64.76445007324219,55.38999938964844,330.6499938964844,4,0.0,0.0,0.29,0.0,0.71,0.0,0.0,37.0,0.0,774.0,59104.86993408203,11242.099792480469
2020-09-21,17.920000076293945,238.3000030517578,468.4700012207031,63.89519500732422,51.4900016784668,326.9700012207031,0,0.0,0.0,0.29,0.0,0.71,0.0,0.0,37.0,0.0,774.0,57186.65134429932,11116.980041503906
2020-09-22,16.889999389648438,237.0,492.6000061035156,64.4447250366211,53.939998626708984,330.29998779296875,1,0.0,0.0,0.36,0.0,0.64,0.0,0.0,44.0,0.0,709.0,59975.75916290283,11230.199584960938
2020-09-23,15.239999771118164,232.0,500.5299987792969,65.05419921875,50.119998931884766,322.6400146484375,2,0.0,0.0,0.36,0.0,0.64,0.0,0.0,44.0,0.0,709.0,57558.39918899536,10969.760498046875
2020-09-24,14.609999656677246,238.39999389648438,464.9800109863281,65.98340606689453,50.56999969482422,323.5,3,0.0,0.0,0.36,0.0,0.64,0.0,0.0,44.0,0.0,709.0,56313.25026702881,10999.0
2020-09-25,15.170000076293945,245.02000427246094,496.5,70.91917419433594,53.189998626708984,328.7300109863281,4,0.0,0.0,0.36,0.0,0.64,0.0,0.0,44.0,0.0,709.0,59557.70902633667,11176.820373535156
2020-09-28,16.8799991607666,244.52000427246094,487.6600036621094,72.70763397216797,56.88999938964844,334.19000244140625,0,0.0,0.0,0.36,0.0,0.64,0.0,0.0,44.0,0.0,709.0,61792.049728393555,11362.460083007812
2020-09-29,16.8799991607666,248.8000030517578,465.5,74.73590087890625,55.7400016784668,332.3699951171875,1,0.0,0.0,0.11,0.39,0.51,0.0,0.0,14.0,310.0,548.0,60001.66119003296,11300.579833984375
2020-09-30,17.969999313354492,247.08999633789062,470.1099853515625,75.29541778564453,58.84000015258789,334.8900146484375,2,0.0,0.0,0.11,0.39,0.51,0.0,0.0,14.0,310.0,548.0,62167.439392089844,11386.260498046875
2020-10-01,17.280000686645508,256.9599914550781,482.989990234375,73.037353515625,61.83000183105469,337.0400085449219,3,0.0,0.0,0.11,0.39,0.51,0.0,0.0,14.0,310.0,548.0,63286.28045654297,11459.360290527344
2020-10-02,15.970000267028809,290.3599853515625,482.2300109863281,67.94172668457031,63.779998779296875,333.8399963378906,4,0.0,0.0,0.11,0.39,0.51,0.0,0.0,14.0,310.0,548.0,62764.59475708008,11350.559875488281
2020-10-05,17.700000762939453,283.0,485.3699951171875,68.7110595703125,60.54999923706055,339.760009765625,0,0.0,0.0,0.11,0.39,0.51,0.0,0.0,14.0,310.0,548.0,61277.00798034668,11551.84033203125
2020-10-06,19.530000686645508,294.510009765625,478.25,70.4295883178711,56.779998779296875,334.92999267578125,1,0.02,0.37,0.31,0.0,0.3,66.0,75.0,39.0,0.0,310.0,59644.11170959473,11387.619750976562
2020-10-07,21.6299991607666,298.17999267578125,480.6099853515625,71.47869110107422,53.33000183105469,340.760009765625,2,0.02,0.37,0.31,0.0,0.3,66.0,75.0,39.0,0.0,310.0,59067.16939163208,11585.84033203125
2020-10-08,20.6200008392334,299.1000061035156,478.54998779296875,72.36792755126953,51.130001068115234,343.7799987792969,3,0.02,0.37,0.31,0.0,0.3,66.0,75.0,39.0,0.0,310.0,58307.17036819458,11688.519958496094
2020-10-09,22.920000076293945,306.239990234375,492.4100036621094,74.52606964111328,48.81999969482422,346.8500061035156,4,0.02,0.37,0.31,0.0,0.3,66.0,75.0,39.0,0.0,310.0,58818.9093208313,11792.900207519531
2020-10-12,21.920000076293945,329.7200012207031,491.5400085449219,76.75416564941406,50.599998474121094,352.42999267578125,0,0.02,0.37,0.31,0.0,0.3,66.0,75.0,39.0,0.0,310.0,61031.77995681763,11982.619750976562
2020-10-13,21.18000030517578,337.8800048828125,518.7899780273438,77.11386108398438,51.18000030517578,350.1300048828125,1,0.06,0.43,0.13,0.35,0.02,184.0,81.0,15.0,287.0,29.0,62837.48962402344,11904.420166015625
2020-10-14,20.729999542236328,323.4200134277344,509.25,75.66510009765625,47.560001373291016,347.92999267578125,2,0.06,0.43,0.13,0.35,0.02,184.0,81.0,15.0,287.0,29.0,60745.21477127075,11829.619750976562
2020-10-15,19.079999923706055,325.8999938964844,536.4000244140625,71.83838653564453,45.0,347.5,3,0.06,0.43,0.13,0.35,0.02,184.0,81.0,15.0,287.0,29.0,59877.23679351807,11815.0
2020-10-16,18.860000610351562,326.4700012207031,559.0,72.21805572509766,44.34000015258789,347.2900085449219,4,0.06,0.43,0.13,0.35,0.02,184.0,81.0,15.0,287.0,29.0,60311.75220870972,11807.860290527344
2020-10-19,18.31999969482422,329.5899963378906,568.3400268554688,69.78014373779297,44.58000183105469,342.010009765625,0,0.06,0.43,0.13,0.35,0.02,184.0,81.0,15.0,287.0,29.0,59912.491355895996,11628.34033203125
2020-10-20,18.170000076293945,309.3800048828125,537.02001953125,69.44043731689453,42.529998779296875,343.3800048828125,1,0.04,0.5,0.24,0.22,0.0,119.0,93.0,26.0,183.0,0.0,57621.13617706299,11674.920166015625
2020-10-21,16.399999618530273,298.70001220703125,513.1900024414062,67.53207397460938,41.5,342.7300109863281,2,0.04,0.5,0.24,0.22,0.0,119.0,93.0,26.0,183.0,0.0,55432.01069068909,11652.820373535156
2020-10-22,16.610000610351562,294.0299987792969,520.5399780273438,69.95000457763672,43.0,344.6099853515625,3,0.04,0.5,0.24,0.22,0.0,119.0,93.0,26.0,183.0,0.0,55656.2702255249,11716.739501953125
2020-10-23,16.43000030517578,306.1000061035156,511.5199890136719,70.05999755859375,42.7400016784668,345.7799987792969,4,0.04,0.5,0.24,0.22,0.0,119.0,93.0,26.0,183.0,0.0,56542.969871520996,11756.519958496094
2020-10-26,15.670000076293945,300.6199951171875,517.7899780273438,69.11000061035156,39.689998626708984,339.3900146484375,0,0.04,0.5,0.24,0.22,0.0,119.0,93.0,26.0,183.0,0.0,55932.05909538269,11539.260498046875
2020-10-27,15.420000076293945,286.2900085449219,538.989990234375,68.19000244140625,38.70000076293945,338.2200012207031,1,0.0,0.49,0.51,0.0,0.0,0.0,93.0,52.0,0.0,0.0,54952.46099662781,11499.480041503906
2020-10-28,14.600000381469727,296.9599914550781,516.010009765625,67.81999969482422,38.150001525878906,326.6600036621094,2,0.0,0.49,0.51,0.0,0.0,0.0,93.0,52.0,0.0,0.0,54449.799713134766,11106.440124511719
2020-10-29,14.720000267028809,288.5799865722656,489.67999267578125,66.6500015258789,37.369998931884766,329.9800109863281,3,0.0,0.49,0.51,0.0,0.0,0.0,93.0,52.0,0.0,0.0,52301.29837036133,11219.320373535156
2020-10-30,12.640000343322754,278.9700012207031,460.9100036621094,64.81999969482422,35.400001525878906,326.5400085449219,4,0.0,0.49,0.51,0.0,0.0,0.0,93.0,52.0,0.0,0.0,49911.53030395508,11102.360290527344
2020-11-02,12.989999771118164,273.3800048828125,453.0,65.30000305175781,35.720001220703125,330.20001220703125,0,0.0,0.49,0.51,0.0,0.0,0.0,93.0,52.0,0.0,0.0,48980.34045410156,11226.800415039062
2020-11-03,14.520000457763672,280.3699951171875,451.510009765625,66.7699966430664,37.470001220703125,336.0299987792969,1,0.0,0.0,1.0,0.0,0.0,0.0,0.0,110.0,0.0,0.0,49552.93005371094,11425.019958496094
2020-11-04,13.800000190734863,306.19000244140625,483.70001220703125,67.5,39.459999084472656,343.5400085449219,2,0.0,0.0,1.0,0.0,0.0,0.0,0.0,110.0,0.0,0.0,53207.00134277344,11680.360290527344
2020-11-05,15.399999618530273,307.5400085449219,496.7300109863281,73.77999877929688,43.029998779296875,350.239990234375,3,0.0,0.0,1.0,0.0,0.0,0.0,0.0,110.0,0.0,0.0,54640.301208496094,11908.15966796875
2020-11-06,14.630000114440918,292.1300048828125,500.1099853515625,74.98999786376953,42.31999969482422,350.1600036621094,4,0.0,0.0,1.0,0.0,0.0,0.0,0.0,110.0,0.0,0.0,55012.098388671875,11905.440124511719
2020-11-09,15.529999732971191,274.0,413.239990234375,74.2300033569336,41.5,354.55999755859375,0,0.0,0.0,1.0,0.0,0.0,0.0,0.0,110.0,0.0,0.0,45456.39892578125,12055.039916992188
2020-11-10,15.569999694824219,266.260009765625,376.010009765625,67.05000305175781,40.36000061035156,354.0400085449219,1,0.0,0.0,0.0,1.0,0.0,0.0,0.0,0.0,617.0,0.0,41361.10107421875,12037.360290527344
2020-11-11,17.100000381469727,279.1700134277344,413.3399963378906,71.5199966430664,41.63999938964844,356.6700134277344,2,0.0,0.0,0.0,1.0,0.0,0.0,0.0,0.0,617.0,0.0,44127.83792877197,12126.780456542969
2020-11-12,17.100000381469727,285.6700134277344,428.6400146484375,71.5,41.25,353.2099914550781,3,0.0,0.0,0.0,1.0,0.0,0.0,0.0,0.0,617.0,0.0,44115.5,12009.139709472656
2020-11-13,18.049999237060547,274.42999267578125,403.5799865722656,68.08999633789062,42.84000015258789,358.1000061035156,4,0.0,0.0,0.0,1.0,0.0,0.0,0.0,0.0,617.0,0.0,42011.527740478516,12175.400207519531
2020-11-16,19.149999618530273,278.5199890136719,399.1499938964844,67.97000122070312,42.72999954223633,362.57000732421875,0,0.0,0.0,0.0,1.0,0.0,0.0,0.0,0.0,617.0,0.0,41937.49075317383,12327.380249023438
2020-11-17,19.270000457763672,287.8800048828125,401.6300048828125,62.36000061035156,46.61000061035156,360.6199951171875,1,1.0,0.0,0.0,0.0,0.0,1997.0,0.0,0.0,0.0,0.0,38476.120376586914,12261.079833984375
2020-11-18,18.510000228881836,278.92999267578125,415.0400085449219,61.029998779296875,47.68000030517578,356.2799987792969,2,1.0,0.0,0.0,0.0,0.0,1997.0,0.0,0.0,0.0,0.0,36964.47045707703,12113.519958496094
2020-11-19,18.760000228881836,295.6400146484375,414.2900085449219,58.5,49.31999969482422,357.9599914550781,3,1.0,0.0,0.0,0.0,0.0,1997.0,0.0,0.0,0.0,0.0,37463.72045707703,12170.639709472656
